{"cameraMode":{"drawMode":0,"name":"Shaded","section":"Shading Mode"},"sceneLighting":true,"audioPlay":false,"sceneViewState":{"showFog":true,"showMaterialUpdate":false,"showSkybox":true,"showFlares":true,"showImageEffects":true,"showParticleSystems":true},"in2DMode":false,"pivot":{"x":-6.53000020980835,"y":0.5,"z":-0.03999999165534973},"rotation":{"x":-0.23206490278244019,"y":0.16911594569683076,"z":-0.041013799607753757,"w":-0.9570122361183167},"size":8.939460754394532,"orthographic":false}